{
  "above": {
    "ensemble": 0.60,
    "climatology": 0.05,
    "nws": 0.35
  },
  "below": {
    "ensemble": 0.05,
    "climatology": 0.75,
    "nws": 0.2
  },
  "between": {
    "ensemble": 0.09274584338014791,
    "climatology": 0.003970533453316105,
    "nws": 0.903283623166536
  }
}
