{
  "above": {
    "ensemble": 0.3333333333333333,
    "climatology": 0.3333333333333333,
    "nws": 0.3333333333333333,
    "_uncalibrated": true
  },
  "below": {
    "ensemble": 0.15,
    "climatology": 0.10,
    "nws": 0.75
  },
  "between": {
    "ensemble": 0.09274584338014791,
    "climatology": 0.003970533453316105,
    "nws": 0.903283623166536
  }
}
