{
  "winter": {
    "ensemble": 0.3333333333333333,
    "climatology": 0.3333333333333333,
    "nws": 0.3333333333333333,
    "_uncalibrated": true
  },
  "spring": {
    "ensemble": 0.3333333333333333,
    "climatology": 0.3333333333333333,
    "nws": 0.3333333333333333
  },
  "summer": {
    "ensemble": 0.3333333333333333,
    "climatology": 0.3333333333333333,
    "nws": 0.3333333333333333,
    "_uncalibrated": true
  },
  "fall": {
    "ensemble": 0.3333333333333333,
    "climatology": 0.3333333333333333,
    "nws": 0.3333333333333333,
    "_uncalibrated": true
  }
}