{
  "above": {
    "T": 1.3025935321353965,
    "n": 23
  },
  "below": {
    "T": 1.0,
    "n": 14
  },
  "global": {
    "T": 4.874579143150232,
    "n": 41
  },
  "sameday": {
    "T": 2.5344787755751774,
    "n": 45
  }
}