{
  "above": {
    "T": 1.369640494310505,
    "n": 26
  },
  "below": {
    "T": 1.0,
    "n": 14
  },
  "global": {
    "T": 5.462448208012446,
    "n": 46
  },
  "sameday": {
    "T": 3.8976630545642124,
    "n": 61
  }
}