{
  "above": {
    "T": 1.4946592279691833,
    "n": 32
  },
  "below": {
    "T": 1.0,
    "n": 14
  },
  "global": {
    "T": 6.413581887825456,
    "n": 53
  },
  "sameday": {
    "T": 3.4225922627750114,
    "n": 71
  }
}